N1,N2, ,MÉDIA,  
3.0,6.8, ,4.9,  
4.4,5.6, ,5.0,  
4.8,5.6, ,5.199999999999999,  
4.0,6.7, ,5.35,  
5.1,5.6, ,5.35,  
5.7,6.8, ,6.25,  
6.0,6.7, ,6.35,  
5.8,7.1, ,6.449999999999999,  
6.4,6.6, ,6.5,  
6.4,7.0, ,6.7,  
6.5,7.3, ,6.9,  
7.7,6.4, ,7.050000000000001,  
7.3,7.6, ,7.449999999999999,  
8.0,7.2, ,7.6,  
8.3,7.9, ,8.100000000000001,  
7.0,9.3, ,8.15,  
8.8,8.0, ,8.4,  
9.9,7.4, ,8.65,  
9.4,9.5, ,9.45,  
10.0,9.8, ,9.9,  
10.0,10.0, ,10.0,  
